real_name,obj_1,obj_2,obj_1_sd,obj_2_sd
gen=2_member=125_pso,1,2.16663,0,0.61082
gen=2_member=129_pso,0,2.27847,0,0.605408
gen=1_member=1_pso,0,5.94331,0,0.495711
gen=2_member=150_pso,0,2.80509,0,0.481898
gen=2_member=157_pso,0.727898,2.69345,0,0.527939
gen=2_member=163_pso,0.554566,2.74131,0,0.596804
gen=2_member=146_pso,0.266709,2.79439,0,0.621548
gen=2_member=148_pso,0.125858,2.75354,0,0.630994
gen=2_member=104_pso,0,3.92858,0,0.612757
gen=2_member=120_pso,0,3.93563,0,0.561835
gen=2_member=130_pso,0,3.86907,0,0.573273
gen=2_member=111_pso,0,3.09475,0,0.560956
gen=2_member=172_pso,1,2.2811,0,0.609639
gen=2_member=189_pso,0,4.00969,0,0.544105
gen=2_member=191_pso,0,3.96593,0,0.559041
gen=2_member=118_pso,0,3.80869,0,0.614823
gen=2_member=187_pso,0,4.60715,0,0.518184
gen=2_member=114_pso,0,4.57783,0,0.57898
gen=2_member=115_pso,0,3.2624,0,0.583948
gen=2_member=108_pso,0,4.18949,0,0.498503
gen=2_member=147_pso,0,3.02261,0,0.592427
gen=2_member=175_pso,0,3.15144,0,0.594266
gen=2_member=110_pso,0,3.2784,0,0.509238
gen=2_member=123_pso,0,3.30939,0,0.569365
gen=2_member=169_pso,0,3.21797,0,0.493827
gen=2_member=105_pso,0,3.23852,0,0.577226
gen=2_member=132_pso,1,2.82932,0,0.507969
gen=2_member=151_pso,1,2.82248,0,0.55124
gen=2_member=116_pso,0,5.06801,0,0.512891
gen=2_member=113_pso,0,4.02477,0,0.580229
gen=2_member=162_pso,0,3.58562,0,0.611427
gen=2_member=154_pso,0,3.61078,0,0.484922
gen=2_member=109_pso,0,4.46494,0,0.544388
gen=2_member=101_pso,0,3.00712,0,0.48981
gen=2_member=198_pso,1,2.65853,0,0.496907
gen=2_member=168_pso,0,2.93432,0,0.556452
gen=2_member=102_pso,0,4.18718,0,0.589078
gen=1_member=32_pso,0,3.13849,0,0.482644
gen=2_member=149_pso,0,3.13837,0,0.544925
gen=2_member=145_pso,0,3.63448,0,0.563916
gen=1_member=39_pso,0,4.18532,0,0.430591
gen=2_member=192_pso,0,4.61887,0,0.606831
gen=2_member=137_pso,0,4.20343,0,0.603996
gen=2_member=176_pso,1,2.48824,0,0.579287
gen=2_member=144_pso,0,4.1737,0,0.583856
gen=1_member=7_pso,0.97754,2.73299,0,0.471998
gen=2_member=124_pso,0,3.92605,0,0.539795
gen=2_member=119_pso,0,3.91695,0,0.46722
gen=2_member=107_pso,0,3.90612,0,0.537965
gen=2_member=128_pso,0,5.08701,0,0.546757
gen=2_member=166_pso,0,5.28938,0,0.485857
gen=1_member=34_pso,0,5.34965,0,0.492773
gen=2_member=197_pso,0,4.24074,0,0.403734
gen=2_member=126_pso,0,4.24965,0,0.540064
gen=2_member=188_pso,0,4.67465,0,0.52356
gen=1_member=37_pso,0,3.80014,0,0.473683
gen=2_member=117_pso,0,3.72875,0,0.483268
gen=2_member=112_pso,0,4.53259,0,0.543636
gen=2_member=152_pso,0,4.56015,0,0.54907
gen=1_member=70_pso,0,4.3429,0,0.463887
gen=1_member=13_pso,0,4.3293,0,0.474057
gen=2_member=100_pso,0.98159,2.26134,0,0.59716
gen=1_member=95_pso,0,4.56904,0,0.37626
gen=2_member=153_pso,0,4.57481,0,0.543774
gen=2_member=138_pso,0,5.04853,0,0.559311
gen=1_member=44_pso,0,5.01752,0,0.356121
gen=2_member=121_pso,0,5.0899,0,0.445796
gen=2_member=133_pso,0,5.75454,0,0.474226
gen=1_member=82_pso,0,5.13138,0,0.477251
gen=2_member=155_pso,0,5.35352,0,0.499848
gen=2_member=156_pso,0,4.43139,0,0.50491
gen=2_member=140_pso,0,4.38396,0,0.526225
gen=2_member=170_pso,0,4.91379,0,0.554251
gen=2_member=173_pso,0,5.24489,0,0.531372
gen=1_member=96_pso,0,4.15607,0,0.418688
gen=2_member=122_pso,0,4.08454,0,0.48474
gen=2_member=158_pso,0,5.58167,0,0.499339
gen=1_member=8_pso,0,4.5354,0,0.389372
gen=2_member=179_pso,0,4.54826,0,0.480348
gen=2_member=196_pso,0,4.90145,0,0.483656
gen=1_member=33_pso,0,5.52832,0,0.403932
gen=1_member=56_pso,0,5.44221,0,0.458617
gen=1_member=17_pso,0,5.65571,0,0.392828
gen=1_member=80_pso,0,5.67644,0,0.456233
gen=2_member=193_pso,0,4.7073,0,0.459741
gen=1_member=15_pso,0,4.88878,0,0.370979
gen=2_member=167_pso,0,4.64478,0,0.398657
gen=2_member=178_pso,0,4.65753,0,0.420607
gen=1_member=79_pso,0,5.42409,0,0.433848
gen=1_member=97_pso,0,5.19199,0,0.361977
gen=2_member=174_pso,0,4.83093,0,0.460437
gen=1_member=23_pso,0,5.13714,0,0.438783
gen=1_member=30_pso,0,4.41554,0,0.395995
gen=1_member=64_pso,0,5.38097,0,0.383179
gen=1_member=87_pso,0,5.36763,0,0.404592
gen=1_member=84_pso,0,4.39237,0,0.363384
gen=1_member=48_pso,0,4.4154,0,0.394821
gen=1_member=22_pso,0,4.77807,0,0.337615
gen=2_member=183_pso,0,4.77712,0,0.392909
